id,resume_id,language,label_seniority,label_quality_score,label_source,reviewed_seniority,reviewed_quality_score,reviewed_notes,text_preview
8bc77fdc-02ca-4cb8-ba3f-e71af779a909,0fd1363c-0764-4076-bbea-209e3a5cd288,pt,senior,80,synthetic,,,,Resumo Profissional com 6 anos de experiência em ciência de dados. Foco em qualidade. Engenheiro Sênior. Experiência Profissional • Desenvolveu e manteve sistemas críticos; coordenou equipe de 14 pess...
bddea071-10b1-4d4c-b251-6b96e028bae3,b3e641eb-34f0-457e-a280-ee825845913e,pt,intern,80,synthetic,,,,Resumo Profissional com 1 anos de experiência em desenvolvimento de software. Foco em liderança técnica. Estagiário. Experiência Profissional • Desenvolveu e manteve sistemas críticos; coordenou equip...
0250fd14-9b8d-48f4-adb9-598073a187df,03c80e37-25e2-4332-b2e6-a43eca4d9b66,pt,intern,80,synthetic,,,,Resumo Profissional com 0 anos de experiência em design. Foco em liderança técnica. Estagiário. Experiência Profissional • Desenvolveu e manteve sistemas críticos; coordenou equipe de 14 pessoas. • Li...
f2ea4c3b-af76-4d67-a032-4be309fdfdf5,99e059b4-9c66-40d0-9990-f9b117f7f1d3,pt,senior,80,synthetic,,,,Resumo Profissional com 8 anos de experiência em produto. Foco em qualidade. Engenheiro Sênior. Experiência Profissional • Desenvolveu e manteve sistemas críticos; coordenou equipe de 10 pessoas. • Li...
e1672b19-fd45-4520-9167-498d97378099,78ac01ee-ee6f-42f9-8f94-5be0a41f6384,pt,junior,80,synthetic,,,,Resumo Profissional com 3 anos de experiência em engenharia. Foco em qualidade. Desenvolvedor Júnior. Experiência Profissional • Desenvolveu e manteve sistemas críticos; coordenou equipe de 10 pessoas...
58932e5a-b914-4631-ab49-79934489307f,df270a39-d6ac-4e23-9c64-26742f1551f8,pt,intern,80,synthetic,,,,Resumo Profissional com 0 anos de experiência em design. Foco em qualidade. Estagiário. Experiência Profissional • Desenvolveu e manteve sistemas críticos; coordenou equipe de 12 pessoas. • Liderou pr...
991ffb19-90d4-44ac-a03b-c3fe1972cd95,c59f13c9-8dd7-44c4-888d-376eb38b3391,pt,intern,80,synthetic,,,,Resumo Profissional com 1 anos de experiência em produto. Foco em liderança técnica. Estagiário. Experiência Profissional • Desenvolveu e manteve sistemas críticos; coordenou equipe de 9 pessoas. • Li...
08c525ea-1545-473f-8428-6720a23ff4e3,99b0eea8-f37a-4842-8f5c-1332430befd1,pt,intern,80,synthetic,,,,Resumo Profissional com 0 anos de experiência em desenvolvimento de software. Foco em entrega de valor. Estagiário. Experiência Profissional • Desenvolveu e manteve sistemas críticos; coordenou equipe...
9c802d95-c91e-45fc-b1b4-543c70c1b146,4fabaabf-6574-4fc2-b15e-b9d192f24431,pt,junior,80,synthetic,,,,Resumo Profissional com 2 anos de experiência em ciência de dados. Foco em liderança técnica. Desenvolvedor Júnior. Experiência Profissional • Desenvolveu e manteve sistemas críticos; coordenou equipe...
0b730764-9c97-45a2-925f-3b46ba41727e,b78dc4db-794f-4033-9637-6960b2f3edcc,pt,mid,80,synthetic,,,,Resumo Profissional com 3 anos de experiência em engenharia. Foco em qualidade. Analista Pleno. Experiência Profissional • Desenvolveu e manteve sistemas críticos; coordenou equipe de 13 pessoas. • Li...
c1c35b9e-e6b5-4ece-a4de-dcd902b472ce,e260e826-d1fe-4d64-b461-37943690177f,pt,mid,80,synthetic,,,,Resumo Profissional com 5 anos de experiência em ciência de dados. Foco em liderança técnica. Analista Pleno. Experiência Profissional • Desenvolveu e manteve sistemas críticos; coordenou equipe de 13...
0526e79c-3551-4d99-90a2-dd955a185af6,cf99fa38-89b5-4869-b0f2-eacd68ae297f,pt,senior,80,synthetic,,,,Resumo Profissional com 15 anos de experiência em ciência de dados. Foco em qualidade. Engenheiro Sênior. Experiência Profissional • Desenvolveu e manteve sistemas críticos; coordenou equipe de 15 pes...
2e173f55-c091-4dde-afcb-fcae229a6ae4,cc9f5bc9-4353-4bab-a3bf-bcdcb54e9d65,pt,junior,80,synthetic,,,,Resumo Profissional com 2 anos de experiência em engenharia. Foco em qualidade. Desenvolvedor Júnior. Experiência Profissional • Desenvolveu e manteve sistemas críticos; coordenou equipe de 15 pessoas...
d3ae763e-079e-447d-9eac-f945e7f63c73,38d44b5e-f3a8-47ec-991d-6512e4a772a3,pt,intern,80,synthetic,,,,Resumo Profissional com 1 anos de experiência em design. Foco em liderança técnica. Estagiário. Experiência Profissional • Desenvolveu e manteve sistemas críticos; coordenou equipe de 15 pessoas. • Li...
c5b4aa60-efb2-4e8e-8758-785e404d4686,a1287e1e-dc9c-47b4-91a4-f856386319e8,pt,junior,80,synthetic,,,,Resumo Profissional com 1 anos de experiência em engenharia. Foco em liderança técnica. Desenvolvedor Júnior. Experiência Profissional • Desenvolveu e manteve sistemas críticos; coordenou equipe de 10...
ecb6dac9-c656-4219-8066-cc87ff3c02ac,abb1b331-7202-4f91-b25d-dd74ff7d6445,pt,mid,80,synthetic,,,,Resumo Profissional com 6 anos de experiência em ciência de dados. Foco em liderança técnica. Analista Pleno. Experiência Profissional • Desenvolveu e manteve sistemas críticos; coordenou equipe de 13...
0ab5df46-17ba-44e8-9bc7-62f308178fb0,6229b852-7665-4872-bfda-316f27b558b6,pt,mid,80,synthetic,,,,Resumo Profissional com 6 anos de experiência em desenvolvimento de software. Foco em entrega de valor. Analista Pleno. Experiência Profissional • Desenvolveu e manteve sistemas críticos; coordenou eq...
527b15b7-8ad0-4773-8b75-a78198deaef6,a96f887e-9916-4c69-8baf-345f231c8dde,pt,junior,80,synthetic,,,,Resumo Profissional com 3 anos de experiência em design. Foco em liderança técnica. Desenvolvedor Júnior. Experiência Profissional • Desenvolveu e manteve sistemas críticos; coordenou equipe de 14 pes...
ba966efe-8fc3-414e-a2dc-86c8e7c1611a,f1a80e62-7a29-404e-9b03-487a2efa05a7,pt,senior,80,synthetic,,,,Resumo Profissional com 8 anos de experiência em design. Foco em liderança técnica. Engenheiro Sênior. Experiência Profissional • Desenvolveu e manteve sistemas críticos; coordenou equipe de 5 pessoas...
6d7453b7-63ca-4023-8674-3f16a812299b,c782a78f-f4be-4eb0-ac00-e15aaa1de3ab,pt,mid,80,synthetic,,,,Resumo Profissional com 6 anos de experiência em ciência de dados. Foco em entrega de valor. Analista Pleno. Experiência Profissional • Desenvolveu e manteve sistemas críticos; coordenou equipe de 11 ...
e795c615-b2d7-4ac0-a87b-ef19670c5875,ecfbeb84-2d6e-4827-89c9-80f234a7edc8,pt,senior,80,synthetic,,,,Resumo Profissional com 12 anos de experiência em design. Foco em liderança técnica. Engenheiro Sênior. Experiência Profissional • Desenvolveu e manteve sistemas críticos; coordenou equipe de 4 pessoa...
a9c24dab-f386-49c4-97e0-a1aedee5d2f8,9fbe8349-9963-423e-befa-b5ca18d3875e,pt,mid,80,synthetic,,,,Resumo Profissional com 6 anos de experiência em ciência de dados. Foco em entrega de valor. Analista Pleno. Experiência Profissional • Desenvolveu e manteve sistemas críticos; coordenou equipe de 15 ...
c6f42524-4369-40be-9842-df8e4a1bfaff,347c9076-6ed3-4d5c-bf5a-b2ea78490f91,pt,junior,80,synthetic,,,,Resumo Profissional com 2 anos de experiência em ciência de dados. Foco em qualidade. Desenvolvedor Júnior. Experiência Profissional • Desenvolveu e manteve sistemas críticos; coordenou equipe de 6 pe...
e80c8413-f38e-4332-b4c3-201422f2c117,32c51330-1331-492a-9777-8072b1c7c20f,pt,mid,80,synthetic,,,,Resumo Profissional com 5 anos de experiência em desenvolvimento de software. Foco em qualidade. Analista Pleno. Experiência Profissional • Desenvolveu e manteve sistemas críticos; coordenou equipe de...
84f07f63-ef73-4e83-a0ab-2a5473e4f671,06e2e76a-6337-4de2-b311-ec3017ea172b,pt,mid,80,synthetic,,,,Resumo Profissional com 3 anos de experiência em produto. Foco em qualidade. Analista Pleno. Experiência Profissional • Desenvolveu e manteve sistemas críticos; coordenou equipe de 9 pessoas. • Lidero...
13711e33-6790-40e2-8806-63ccd485a6ef,322e8278-c381-4c35-9b81-705490fbbb41,pt,senior,80,synthetic,,,,Resumo Profissional com 11 anos de experiência em engenharia. Foco em entrega de valor. Engenheiro Sênior. Experiência Profissional • Desenvolveu e manteve sistemas críticos; coordenou equipe de 10 pe...
9717e3d2-e0a6-4de2-b028-c73a8973ae66,a95abc33-5b87-45a0-9894-84a4c8e94f26,pt,mid,80,synthetic,,,,Resumo Profissional com 6 anos de experiência em design. Foco em entrega de valor. Analista Pleno. Experiência Profissional • Desenvolveu e manteve sistemas críticos; coordenou equipe de 14 pessoas. •...
ae6a257a-f9c1-4d2b-9197-c292f103d643,ca604e7a-b910-4c6a-a660-d4e72dc486ac,pt,mid,80,synthetic,,,,Resumo Profissional com 3 anos de experiência em design. Foco em entrega de valor. Analista Pleno. Experiência Profissional • Desenvolveu e manteve sistemas críticos; coordenou equipe de 15 pessoas. •...
9a034e1b-193a-4e50-a2bf-74358b7e5a51,3f33218d-07c2-403f-97f5-53d359eb03f9,pt,junior,80,synthetic,,,,Resumo Profissional com 1 anos de experiência em engenharia. Foco em qualidade. Desenvolvedor Júnior. Experiência Profissional • Desenvolveu e manteve sistemas críticos; coordenou equipe de 11 pessoas...
33b77b28-6cc4-46bb-8eca-b7423c5d3ab0,fe7979ec-740a-471a-b034-6d0e14812d81,pt,mid,80,synthetic,,,,Resumo Profissional com 3 anos de experiência em ciência de dados. Foco em qualidade. Analista Pleno. Experiência Profissional • Desenvolveu e manteve sistemas críticos; coordenou equipe de 7 pessoas....
0c760494-72f4-42cf-b4d2-9dba038f9a97,371e456a-df95-4961-a7e5-08b173311a74,pt,senior,80,synthetic,,,,Resumo Profissional com 15 anos de experiência em engenharia. Foco em qualidade. Engenheiro Sênior. Experiência Profissional • Desenvolveu e manteve sistemas críticos; coordenou equipe de 15 pessoas. ...
f028d78d-825d-4d02-92b8-2836778826f4,3733dc30-e4e0-42c9-9e12-b3fa7ea7e210,pt,mid,80,synthetic,,,,Resumo Profissional com 4 anos de experiência em design. Foco em liderança técnica. Analista Pleno. Experiência Profissional • Desenvolveu e manteve sistemas críticos; coordenou equipe de 8 pessoas. •...
4b507b0a-2e57-49a0-a6c8-4b0baac5746a,22cadfa7-013a-4b95-baca-d240ed202800,pt,senior,80,synthetic,,,,Resumo Profissional com 7 anos de experiência em ciência de dados. Foco em qualidade. Engenheiro Sênior. Experiência Profissional • Desenvolveu e manteve sistemas críticos; coordenou equipe de 15 pess...
f455d9f6-b0e8-459c-8b50-27f2649e05b9,10a21a69-834d-490c-83da-e6eee08413ea,pt,intern,80,synthetic,,,,Resumo Profissional com 1 anos de experiência em design. Foco em qualidade. Estagiário. Experiência Profissional • Desenvolveu e manteve sistemas críticos; coordenou equipe de 10 pessoas. • Liderou pr...
992a9fc2-0550-40a1-b247-3857bbc8be4b,cefd6439-ede3-40ac-a73c-f17c6aa2ce3b,pt,intern,80,synthetic,,,,Resumo Profissional com 1 anos de experiência em engenharia. Foco em entrega de valor. Estagiário. Experiência Profissional • Desenvolveu e manteve sistemas críticos; coordenou equipe de 14 pessoas. •...
28d5afea-3b4d-49cf-bba9-ad480c6c4171,2daada3b-68d7-43a6-b9a9-6e33bdaeb60a,pt,intern,80,synthetic,,,,Resumo Profissional com 0 anos de experiência em engenharia. Foco em liderança técnica. Estagiário. Experiência Profissional • Desenvolveu e manteve sistemas críticos; coordenou equipe de 12 pessoas. ...
c8f26f7c-6b6b-4f72-8bc1-7743be9487a5,9ee84b45-f2ec-4640-aa07-0bb736805999,pt,senior,80,synthetic,,,,Resumo Profissional com 14 anos de experiência em desenvolvimento de software. Foco em liderança técnica. Engenheiro Sênior. Experiência Profissional • Desenvolveu e manteve sistemas críticos; coorden...
24e4a9de-b98e-4d07-83ca-178d5258348a,80cfcff5-5d0e-41bb-8a03-94c4484ed456,pt,junior,80,synthetic,,,,Resumo Profissional com 3 anos de experiência em design. Foco em qualidade. Desenvolvedor Júnior. Experiência Profissional • Desenvolveu e manteve sistemas críticos; coordenou equipe de 4 pessoas. • L...
f4686ac5-d09f-4122-9888-f0ce7acf4451,b8cbd383-c112-417d-ab09-01fcdb7625a8,pt,junior,80,synthetic,,,,Resumo Profissional com 1 anos de experiência em produto. Foco em liderança técnica. Desenvolvedor Júnior. Experiência Profissional • Desenvolveu e manteve sistemas críticos; coordenou equipe de 14 pe...
c085782a-1fa2-4a13-97a0-4338fe5cab52,550628b0-128b-4f4c-869d-e629052b39fc,pt,intern,80,synthetic,,,,Resumo Profissional com 1 anos de experiência em desenvolvimento de software. Foco em liderança técnica. Estagiário. Experiência Profissional • Desenvolveu e manteve sistemas críticos; coordenou equip...
3a3659d5-a245-4bab-9bc1-632b596a9b26,7c5e56e1-6ddf-4f5e-a40f-6b48278951f3,pt,senior,80,synthetic,,,,Resumo Profissional com 13 anos de experiência em design. Foco em liderança técnica. Engenheiro Sênior. Experiência Profissional • Desenvolveu e manteve sistemas críticos; coordenou equipe de 9 pessoa...
89106ca6-069d-428d-be47-085a06a9c390,1844b578-7ef0-454b-98ef-3308570a642a,pt,senior,80,synthetic,,,,Resumo Profissional com 6 anos de experiência em ciência de dados. Foco em entrega de valor. Engenheiro Sênior. Experiência Profissional • Desenvolveu e manteve sistemas críticos; coordenou equipe de ...
396abdc6-d5c3-45c7-a15e-dec134eb0c7c,eb08f5f7-43a3-4b09-bda2-1f3ec3ca54f2,pt,intern,80,synthetic,,,,Resumo Profissional com 0 anos de experiência em desenvolvimento de software. Foco em qualidade. Estagiário. Experiência Profissional • Desenvolveu e manteve sistemas críticos; coordenou equipe de 8 p...
550e9b80-2969-4bdc-b721-a09132e071ff,7bcaa0cf-b06d-4e92-84bb-004d9b0bba0c,pt,intern,80,synthetic,,,,Resumo Profissional com 1 anos de experiência em engenharia. Foco em qualidade. Estagiário. Experiência Profissional • Desenvolveu e manteve sistemas críticos; coordenou equipe de 10 pessoas. • Lidero...
bad3a7ac-00ac-4654-8523-742943fa0600,676d7ce9-9fea-4372-813c-25a34a6cdacb,pt,junior,80,synthetic,,,,Resumo Profissional com 1 anos de experiência em ciência de dados. Foco em qualidade. Desenvolvedor Júnior. Experiência Profissional • Desenvolveu e manteve sistemas críticos; coordenou equipe de 3 pe...
58acebee-f014-4143-a37c-9da497f01d02,24fa5860-1943-4475-999e-f36419730d3d,pt,intern,80,synthetic,,,,Resumo Profissional com 1 anos de experiência em engenharia. Foco em qualidade. Estagiário. Experiência Profissional • Desenvolveu e manteve sistemas críticos; coordenou equipe de 9 pessoas. • Liderou...
50bd2b76-c130-472f-8d99-6fdf499ec643,2eed89e7-e6f2-48aa-8cd1-3a46dd6099c6,pt,mid,80,synthetic,,,,Resumo Profissional com 3 anos de experiência em desenvolvimento de software. Foco em liderança técnica. Analista Pleno. Experiência Profissional • Desenvolveu e manteve sistemas críticos; coordenou e...
0be75273-b36c-4832-be1b-011a6bb509e0,f9fe8f56-b2c4-4faf-a17d-7a6888c90236,pt,senior,80,synthetic,,,,Resumo Profissional com 12 anos de experiência em desenvolvimento de software. Foco em liderança técnica. Engenheiro Sênior. Experiência Profissional • Desenvolveu e manteve sistemas críticos; coorden...
1c217825-667c-44f9-95f5-ddb3f699cfbc,5c79023a-e242-4da3-b89a-f7fd0c531900,pt,mid,80,synthetic,,,,Resumo Profissional com 3 anos de experiência em ciência de dados. Foco em entrega de valor. Analista Pleno. Experiência Profissional • Desenvolveu e manteve sistemas críticos; coordenou equipe de 4 p...
d32f6247-2c4b-4b68-8546-b52aaed8c1d1,5941b8ef-9836-423b-8abd-645c8063fc7e,pt,junior,80,synthetic,,,,Resumo Profissional com 2 anos de experiência em produto. Foco em entrega de valor. Desenvolvedor Júnior. Experiência Profissional • Desenvolveu e manteve sistemas críticos; coordenou equipe de 8 pess...
8f66b26f-8235-4908-be81-4ac73dcbbd5d,2cc059c2-fd0b-4b30-a68b-0e9fa09d293e,pt,junior,80,synthetic,,,,Resumo Profissional com 3 anos de experiência em ciência de dados. Foco em liderança técnica. Desenvolvedor Júnior. Experiência Profissional • Desenvolveu e manteve sistemas críticos; coordenou equipe...
ff91687c-6580-45f6-9a02-368482e796c1,3600e930-e6bd-4c04-944e-07b940d0ae63,pt,senior,80,synthetic,,,,Resumo Profissional com 10 anos de experiência em design. Foco em qualidade. Engenheiro Sênior. Experiência Profissional • Desenvolveu e manteve sistemas críticos; coordenou equipe de 4 pessoas. • Lid...
9e699d33-b4b7-452d-b67c-1c1d9a2eb599,e558726f-4592-40b4-be3a-3030650db82a,pt,junior,80,synthetic,,,,Resumo Profissional com 1 anos de experiência em engenharia. Foco em liderança técnica. Desenvolvedor Júnior. Experiência Profissional • Desenvolveu e manteve sistemas críticos; coordenou equipe de 9 ...
d6bf468c-bdc2-4c63-b974-02e303f71a21,273f185c-115b-4b66-85d8-0712b0470b6d,pt,mid,80,synthetic,,,,Resumo Profissional com 5 anos de experiência em ciência de dados. Foco em qualidade. Analista Pleno. Experiência Profissional • Desenvolveu e manteve sistemas críticos; coordenou equipe de 6 pessoas....
05d742bc-396f-445f-a221-c1a82a5bbf50,53e20501-462e-47d2-b5fc-94d846221401,pt,junior,80,synthetic,,,,Resumo Profissional com 2 anos de experiência em design. Foco em liderança técnica. Desenvolvedor Júnior. Experiência Profissional • Desenvolveu e manteve sistemas críticos; coordenou equipe de 10 pes...
fe20dd07-a9bb-4b7e-bfb1-3eb3b857ed4e,aecb65e4-928a-4a57-9207-62920bfff502,pt,senior,80,synthetic,,,,Resumo Profissional com 13 anos de experiência em ciência de dados. Foco em qualidade. Engenheiro Sênior. Experiência Profissional • Desenvolveu e manteve sistemas críticos; coordenou equipe de 9 pess...
787d8615-516d-46f1-b1eb-7a7af0909181,e6938195-8d06-4af1-97c3-e21e85032c51,pt,junior,80,synthetic,,,,Resumo Profissional com 3 anos de experiência em engenharia. Foco em liderança técnica. Desenvolvedor Júnior. Experiência Profissional • Desenvolveu e manteve sistemas críticos; coordenou equipe de 7 ...
efeb17ff-ee56-4f55-a623-864a17b9d6ad,d138dccb-4e16-465f-8c07-8358a72f3e11,pt,junior,80,synthetic,,,,Resumo Profissional com 2 anos de experiência em ciência de dados. Foco em liderança técnica. Desenvolvedor Júnior. Experiência Profissional • Desenvolveu e manteve sistemas críticos; coordenou equipe...
615f4dd4-0ce9-4a23-9bc5-7c5cb3b23218,9e045bd8-0d7d-4b8e-80e8-b8de989eabd0,pt,senior,80,synthetic,,,,Resumo Profissional com 12 anos de experiência em produto. Foco em entrega de valor. Engenheiro Sênior. Experiência Profissional • Desenvolveu e manteve sistemas críticos; coordenou equipe de 15 pesso...
44cd1981-d5cc-4957-8974-436cd4e836f7,0ac21245-4d6d-4eea-a16a-9763e58dd86f,pt,intern,80,synthetic,,,,Resumo Profissional com 1 anos de experiência em ciência de dados. Foco em liderança técnica. Estagiário. Experiência Profissional • Desenvolveu e manteve sistemas críticos; coordenou equipe de 4 pess...
9334be47-b0ca-4af0-95fa-ce1b129478a5,895f7153-8d50-4527-927a-927b2bdfe990,pt,junior,80,synthetic,,,,Resumo Profissional com 3 anos de experiência em design. Foco em entrega de valor. Desenvolvedor Júnior. Experiência Profissional • Desenvolveu e manteve sistemas críticos; coordenou equipe de 4 pesso...
964125e0-168c-485e-9612-3b98c3aced68,c46c5627-eb26-445d-b8f6-512af2d54245,pt,senior,80,synthetic,,,,Resumo Profissional com 8 anos de experiência em produto. Foco em liderança técnica. Engenheiro Sênior. Experiência Profissional • Desenvolveu e manteve sistemas críticos; coordenou equipe de 6 pessoa...
e1a65d73-b8ee-4e4b-8672-71d31dffa2d4,cbb193c0-8b87-4fed-a499-72c304c3a3dc,pt,senior,80,synthetic,,,,Resumo Profissional com 14 anos de experiência em engenharia. Foco em liderança técnica. Engenheiro Sênior. Experiência Profissional • Desenvolveu e manteve sistemas críticos; coordenou equipe de 11 p...
63f230fe-4dff-4db6-b519-43b62a9ba01b,7ad7a4c8-9679-48b4-81e5-259cded91920,pt,intern,80,synthetic,,,,Resumo Profissional com 1 anos de experiência em ciência de dados. Foco em entrega de valor. Estagiário. Experiência Profissional • Desenvolveu e manteve sistemas críticos; coordenou equipe de 7 pesso...
e25855e1-f42a-4ca0-b862-30e5c53928e7,a3688bcf-2c6a-461c-807c-b38efd271cb7,pt,intern,80,synthetic,,,,Resumo Profissional com 1 anos de experiência em desenvolvimento de software. Foco em entrega de valor. Estagiário. Experiência Profissional • Desenvolveu e manteve sistemas críticos; coordenou equipe...
66f3430f-89e7-4a4d-b923-26cf7fc089e1,20167b7f-928c-4994-99d3-303d38e0a6d2,pt,intern,80,synthetic,,,,Resumo Profissional com 0 anos de experiência em desenvolvimento de software. Foco em liderança técnica. Estagiário. Experiência Profissional • Desenvolveu e manteve sistemas críticos; coordenou equip...
819d358e-66b8-4a5c-9758-3ed7f2ecc918,d58b74af-d7d9-4b9e-b276-add951e3abfb,pt,senior,80,synthetic,,,,Resumo Profissional com 14 anos de experiência em produto. Foco em entrega de valor. Engenheiro Sênior. Experiência Profissional • Desenvolveu e manteve sistemas críticos; coordenou equipe de 5 pessoa...
903aa7dd-fb62-42c3-af9b-2fb1cd8b49b4,616014f9-b2fe-469d-a2d1-04311f18eb26,pt,intern,80,synthetic,,,,Resumo Profissional com 0 anos de experiência em design. Foco em qualidade. Estagiário. Experiência Profissional • Desenvolveu e manteve sistemas críticos; coordenou equipe de 14 pessoas. • Liderou pr...
2516a0b8-5e44-449a-86c3-7e6e17620161,121dc29c-9a6d-4194-aba2-51f173fe491a,pt,intern,80,synthetic,,,,Resumo Profissional com 0 anos de experiência em engenharia. Foco em qualidade. Estagiário. Experiência Profissional • Desenvolveu e manteve sistemas críticos; coordenou equipe de 13 pessoas. • Lidero...
a0eb194d-4848-4b27-a4ac-e777b88c63ad,c26a12d1-75c2-47df-9ff8-acec32132577,pt,junior,80,synthetic,,,,Resumo Profissional com 2 anos de experiência em design. Foco em qualidade. Desenvolvedor Júnior. Experiência Profissional • Desenvolveu e manteve sistemas críticos; coordenou equipe de 4 pessoas. • L...
727b99b8-0b08-494c-9a6d-de8a56d30e69,62146c45-487d-4a89-9c89-29fbd64ffc58,pt,senior,80,synthetic,,,,Resumo Profissional com 15 anos de experiência em ciência de dados. Foco em entrega de valor. Engenheiro Sênior. Experiência Profissional • Desenvolveu e manteve sistemas críticos; coordenou equipe de...
8ca6d8fe-7c11-4660-8f60-ef8ea70b043e,bc63605b-1223-443d-832a-08b1cedc7948,pt,intern,80,synthetic,,,,Resumo Profissional com 1 anos de experiência em ciência de dados. Foco em liderança técnica. Estagiário. Experiência Profissional • Desenvolveu e manteve sistemas críticos; coordenou equipe de 15 pes...
b74ffd28-3596-4212-9f7e-7ce5f27761c7,3fee327b-b0af-4eb3-bdf0-0cfe0b437769,pt,senior,80,synthetic,,,,Resumo Profissional com 14 anos de experiência em engenharia. Foco em qualidade. Engenheiro Sênior. Experiência Profissional • Desenvolveu e manteve sistemas críticos; coordenou equipe de 11 pessoas. ...
1c28a569-cc4a-429e-8764-fe35c72acbc8,f08eb038-5662-4bab-937a-c31d17011275,pt,junior,80,synthetic,,,,Resumo Profissional com 3 anos de experiência em desenvolvimento de software. Foco em entrega de valor. Desenvolvedor Júnior. Experiência Profissional • Desenvolveu e manteve sistemas críticos; coorde...
abc8f724-5320-4e5b-9e31-406922aa429d,e29ae1ce-1f72-44bf-9c4d-fe9b6f8e86d8,pt,intern,80,synthetic,,,,Resumo Profissional com 1 anos de experiência em design. Foco em qualidade. Estagiário. Experiência Profissional • Desenvolveu e manteve sistemas críticos; coordenou equipe de 6 pessoas. • Liderou pro...
0eef40d1-c354-4107-8b80-203f4d2cc8fc,40dff80f-e03e-4111-b780-bba5ae6c51a2,pt,mid,80,synthetic,,,,Resumo Profissional com 4 anos de experiência em produto. Foco em entrega de valor. Analista Pleno. Experiência Profissional • Desenvolveu e manteve sistemas críticos; coordenou equipe de 5 pessoas. •...
dd806a65-366f-49fb-9add-38f275640adf,5856625c-8731-4918-93c2-bebc5b97df54,pt,junior,80,synthetic,,,,Resumo Profissional com 1 anos de experiência em design. Foco em liderança técnica. Desenvolvedor Júnior. Experiência Profissional • Desenvolveu e manteve sistemas críticos; coordenou equipe de 8 pess...
adf75d4c-a0de-4f4b-8421-1b8f5d093ee0,b5592f6e-ee5d-4df5-bb11-0f59976f0003,pt,mid,80,synthetic,,,,Resumo Profissional com 4 anos de experiência em desenvolvimento de software. Foco em qualidade. Analista Pleno. Experiência Profissional • Desenvolveu e manteve sistemas críticos; coordenou equipe de...
d0dec29b-f604-4d51-839c-f7a3fa6a1b52,f49e790b-5ca7-419d-99f5-718771dc2a14,pt,junior,80,synthetic,,,,Resumo Profissional com 2 anos de experiência em ciência de dados. Foco em entrega de valor. Desenvolvedor Júnior. Experiência Profissional • Desenvolveu e manteve sistemas críticos; coordenou equipe ...
f1335ca2-4b81-4b19-a98a-abb2d5b20701,c201c9a7-5d30-4da3-a205-88a95f3750d4,pt,mid,80,synthetic,,,,Resumo Profissional com 3 anos de experiência em engenharia. Foco em entrega de valor. Analista Pleno. Experiência Profissional • Desenvolveu e manteve sistemas críticos; coordenou equipe de 3 pessoas...
d1600cd3-2603-4e49-b480-f93d20393b78,0dbf612b-be8c-4ebf-bb43-059947b7053e,pt,mid,80,synthetic,,,,Resumo Profissional com 4 anos de experiência em engenharia. Foco em entrega de valor. Analista Pleno. Experiência Profissional • Desenvolveu e manteve sistemas críticos; coordenou equipe de 7 pessoas...
40349094-5d91-4a7e-9088-6b0090691026,8b73745f-6a19-437f-a6ad-4a14b7a9ed7b,pt,mid,80,synthetic,,,,Resumo Profissional com 3 anos de experiência em design. Foco em entrega de valor. Analista Pleno. Experiência Profissional • Desenvolveu e manteve sistemas críticos; coordenou equipe de 3 pessoas. • ...
8fcd146c-6de5-4b02-9a08-7442030c7e0f,cc2e625b-d19e-4b05-bc46-8e3fc543c79c,pt,junior,80,synthetic,,,,Resumo Profissional com 3 anos de experiência em design. Foco em qualidade. Desenvolvedor Júnior. Experiência Profissional • Desenvolveu e manteve sistemas críticos; coordenou equipe de 13 pessoas. • ...
8e98f33d-79a6-4541-b9e7-cd42a221a510,6c59dc03-c5c8-4785-98e1-630c8c80bb67,pt,senior,80,synthetic,,,,Resumo Profissional com 14 anos de experiência em produto. Foco em qualidade. Engenheiro Sênior. Experiência Profissional • Desenvolveu e manteve sistemas críticos; coordenou equipe de 6 pessoas. • Li...
3629f8b9-bca7-4971-a54f-fc61b4f97259,9f3f21f0-6206-4e84-9bd7-7f62bf74b8d3,pt,mid,80,synthetic,,,,Resumo Profissional com 3 anos de experiência em produto. Foco em qualidade. Analista Pleno. Experiência Profissional • Desenvolveu e manteve sistemas críticos; coordenou equipe de 11 pessoas. • Lider...
6ed37be3-d847-4285-b094-64a6f3d30370,828ec7ca-a436-4c23-938a-e92d420b53c0,pt,junior,80,synthetic,,,,Resumo Profissional com 3 anos de experiência em design. Foco em entrega de valor. Desenvolvedor Júnior. Experiência Profissional • Desenvolveu e manteve sistemas críticos; coordenou equipe de 15 pess...
f6d3f384-4f20-4149-94dc-ea85bafd5907,bf55ae3c-b10d-4e87-8873-c87506e56ba8,pt,mid,80,synthetic,,,,Resumo Profissional com 6 anos de experiência em engenharia. Foco em entrega de valor. Analista Pleno. Experiência Profissional • Desenvolveu e manteve sistemas críticos; coordenou equipe de 10 pessoa...
beef9bb6-1151-4fe2-b55a-2a907fab5599,b359d62f-5c65-4271-8d19-e5d85cf39e23,pt,junior,80,synthetic,,,,Resumo Profissional com 2 anos de experiência em engenharia. Foco em qualidade. Desenvolvedor Júnior. Experiência Profissional • Desenvolveu e manteve sistemas críticos; coordenou equipe de 9 pessoas....
f97617ec-7dff-49c9-a5e7-3bbfadd98af3,73dfa117-aeff-4024-8331-b1450f7bfce7,pt,mid,80,synthetic,,,,Resumo Profissional com 6 anos de experiência em produto. Foco em liderança técnica. Analista Pleno. Experiência Profissional • Desenvolveu e manteve sistemas críticos; coordenou equipe de 4 pessoas. ...
fd09a72c-1a88-456d-bc3d-01e17a788004,d29e3155-1e59-4592-b10e-88d2e404e8f4,pt,mid,80,synthetic,,,,Resumo Profissional com 5 anos de experiência em produto. Foco em liderança técnica. Analista Pleno. Experiência Profissional • Desenvolveu e manteve sistemas críticos; coordenou equipe de 11 pessoas....
224397e2-0d13-4a4f-84c9-644f4d71b52b,3332be34-4833-4277-bba0-e025853a9f4b,pt,senior,80,synthetic,,,,Resumo Profissional com 14 anos de experiência em design. Foco em liderança técnica. Engenheiro Sênior. Experiência Profissional • Desenvolveu e manteve sistemas críticos; coordenou equipe de 11 pesso...
42bbfed6-7a2f-4cd8-a10e-e24cb8547968,daa8f272-afce-469c-93d6-9d469a9d33d6,pt,intern,80,synthetic,,,,Resumo Profissional com 1 anos de experiência em produto. Foco em entrega de valor. Estagiário. Experiência Profissional • Desenvolveu e manteve sistemas críticos; coordenou equipe de 13 pessoas. • Li...
1a5e4733-69ba-40ac-bcd1-86191b8fdc2b,d228bfae-5b20-47c2-9c98-ee190fd8a7d0,pt,mid,80,synthetic,,,,Resumo Profissional com 5 anos de experiência em ciência de dados. Foco em liderança técnica. Analista Pleno. Experiência Profissional • Desenvolveu e manteve sistemas críticos; coordenou equipe de 8 ...
4b3642c7-7c60-49e8-9625-e9a9dc3ff6f6,cb844fa5-0c76-4150-8aef-801d44c65cca,pt,junior,80,synthetic,,,,Resumo Profissional com 1 anos de experiência em ciência de dados. Foco em entrega de valor. Desenvolvedor Júnior. Experiência Profissional • Desenvolveu e manteve sistemas críticos; coordenou equipe ...
a9de1a86-88c7-4aad-80d8-8f30157e793a,e6463808-f55a-4a73-8462-e1dbd33bc665,pt,mid,80,synthetic,,,,Resumo Profissional com 5 anos de experiência em produto. Foco em liderança técnica. Analista Pleno. Experiência Profissional • Desenvolveu e manteve sistemas críticos; coordenou equipe de 13 pessoas....
ed56995d-5779-4422-bfd1-572296c0a48b,89e1f8db-4834-45d0-9d5f-68cf5f927a34,pt,senior,80,synthetic,,,,Resumo Profissional com 11 anos de experiência em produto. Foco em entrega de valor. Engenheiro Sênior. Experiência Profissional • Desenvolveu e manteve sistemas críticos; coordenou equipe de 9 pessoa...
0439ffa0-450b-49a6-8a9a-903db37475e7,2955183d-604f-4279-b105-a0d6d978d301,pt,junior,80,synthetic,,,,Resumo Profissional com 3 anos de experiência em desenvolvimento de software. Foco em entrega de valor. Desenvolvedor Júnior. Experiência Profissional • Desenvolveu e manteve sistemas críticos; coorde...
3d17ffd3-d3b9-43b2-96f2-90b578d012a0,2b4ba978-688d-473b-a53d-ac6c493ac03f,pt,intern,80,synthetic,,,,Resumo Profissional com 0 anos de experiência em produto. Foco em liderança técnica. Estagiário. Experiência Profissional • Desenvolveu e manteve sistemas críticos; coordenou equipe de 14 pessoas. • L...
ba36cc6c-8546-458a-aa93-bdbd572b47f6,52823d93-eba2-4283-bde2-7288abf5e960,pt,mid,80,synthetic,,,,Resumo Profissional com 6 anos de experiência em ciência de dados. Foco em qualidade. Analista Pleno. Experiência Profissional • Desenvolveu e manteve sistemas críticos; coordenou equipe de 11 pessoas...
b903cf92-0cf2-409c-b4b1-533f9d7464fc,5664f372-26c8-460f-b8d3-07608e4f3c10,pt,junior,80,synthetic,,,,Resumo Profissional com 1 anos de experiência em engenharia. Foco em liderança técnica. Desenvolvedor Júnior. Experiência Profissional • Desenvolveu e manteve sistemas críticos; coordenou equipe de 14...
474a5abf-67a4-4150-9d4a-ad46eed9da02,0283a360-88c2-496a-baf1-76f9b849846b,pt,intern,80,synthetic,,,,Resumo Profissional com 0 anos de experiência em engenharia. Foco em entrega de valor. Estagiário. Experiência Profissional • Desenvolveu e manteve sistemas críticos; coordenou equipe de 6 pessoas. • ...
539cfa1a-65d0-4c92-951d-5fbd555cab00,e35421ab-25e8-4017-b27b-83617bb121bd,pt,mid,80,synthetic,,,,Resumo Profissional com 4 anos de experiência em design. Foco em liderança técnica. Analista Pleno. Experiência Profissional • Desenvolveu e manteve sistemas críticos; coordenou equipe de 10 pessoas. ...
b180cf04-9c89-4d55-8f35-694c43a0e80d,7f29d61c-4eca-48a9-ad9a-caa19f23b596,pt,mid,80,synthetic,,,,Resumo Profissional com 3 anos de experiência em desenvolvimento de software. Foco em liderança técnica. Analista Pleno. Experiência Profissional • Desenvolveu e manteve sistemas críticos; coordenou e...
f1f908a4-1c48-45fe-8879-44aef1699f12,d4c4effd-e8a5-4a91-bee0-2b356dd87ba2,pt,senior,80,synthetic,,,,Resumo Profissional com 7 anos de experiência em produto. Foco em qualidade. Engenheiro Sênior. Experiência Profissional • Desenvolveu e manteve sistemas críticos; coordenou equipe de 11 pessoas. • Li...
3011d128-dadf-40c9-b60e-e2d5ac4a3775,84513e44-9938-4044-a5af-21ff9d49efaf,pt,senior,80,synthetic,,,,Resumo Profissional com 12 anos de experiência em desenvolvimento de software. Foco em liderança técnica. Engenheiro Sênior. Experiência Profissional • Desenvolveu e manteve sistemas críticos; coorden...
2d8b3da0-1711-47c6-84b2-c3fadf8379fa,043dfeab-2464-45e8-96f8-6adce64d791e,pt,intern,80,synthetic,,,,Resumo Profissional com 0 anos de experiência em ciência de dados. Foco em qualidade. Estagiário. Experiência Profissional • Desenvolveu e manteve sistemas críticos; coordenou equipe de 13 pessoas. • ...
e82b9567-53d4-4e9f-969a-ff65da0fe1ff,de2da156-54e4-4301-895d-8d8ad5b65838,pt,senior,80,synthetic,,,,Resumo Profissional com 14 anos de experiência em engenharia. Foco em entrega de valor. Engenheiro Sênior. Experiência Profissional • Desenvolveu e manteve sistemas críticos; coordenou equipe de 4 pes...
c999336c-130f-4d4f-89c7-fb677ee756e0,03e0ad85-5733-4b08-b83b-ef217386f7ca,pt,mid,80,synthetic,,,,Resumo Profissional com 4 anos de experiência em design. Foco em entrega de valor. Analista Pleno. Experiência Profissional • Desenvolveu e manteve sistemas críticos; coordenou equipe de 14 pessoas. •...
0a74b73a-f6b7-4b99-bf39-b6d6dbf84647,255417ce-0871-49f9-ad17-c9873925cc6e,pt,senior,80,synthetic,,,,Resumo Profissional com 13 anos de experiência em design. Foco em liderança técnica. Engenheiro Sênior. Experiência Profissional • Desenvolveu e manteve sistemas críticos; coordenou equipe de 6 pessoa...
62d6bd2b-997f-4784-b0cc-f98276b33b26,b91b3e89-fba7-4b32-9ea9-d01803745613,pt,intern,80,synthetic,,,,Resumo Profissional com 0 anos de experiência em design. Foco em liderança técnica. Estagiário. Experiência Profissional • Desenvolveu e manteve sistemas críticos; coordenou equipe de 8 pessoas. • Lid...
57ef5a94-e1b7-4986-928c-4be00241b36b,9bfa6c51-ac1b-47c2-9f6b-0c6604ce0d0a,pt,mid,80,synthetic,,,,Resumo Profissional com 3 anos de experiência em ciência de dados. Foco em entrega de valor. Analista Pleno. Experiência Profissional • Desenvolveu e manteve sistemas críticos; coordenou equipe de 15 ...
e4a1ffbe-c217-410a-b88f-fdfe50656b84,a6b42bf3-bb91-4b3a-a368-4c370b4868da,pt,senior,80,synthetic,,,,Resumo Profissional com 10 anos de experiência em ciência de dados. Foco em liderança técnica. Engenheiro Sênior. Experiência Profissional • Desenvolveu e manteve sistemas críticos; coordenou equipe d...
71f25b63-8215-4806-940e-b91d5e8773d2,beea7fb2-39f6-47cd-9551-6be3ebe06146,pt,mid,80,synthetic,,,,Resumo Profissional com 6 anos de experiência em produto. Foco em entrega de valor. Analista Pleno. Experiência Profissional • Desenvolveu e manteve sistemas críticos; coordenou equipe de 3 pessoas. •...
1224c579-edd9-4797-9bbe-aed3dd4cd0f9,d24fd390-cea6-4476-9486-683215834954,pt,senior,80,synthetic,,,,Resumo Profissional com 6 anos de experiência em design. Foco em entrega de valor. Engenheiro Sênior. Experiência Profissional • Desenvolveu e manteve sistemas críticos; coordenou equipe de 15 pessoas...
957f77ed-746d-4566-8a3c-4a84afbee61d,8d797515-8657-4210-998a-804de5d9c19e,pt,senior,80,synthetic,,,,Resumo Profissional com 9 anos de experiência em produto. Foco em liderança técnica. Engenheiro Sênior. Experiência Profissional • Desenvolveu e manteve sistemas críticos; coordenou equipe de 10 pesso...
66a64d04-91ed-4991-8bbd-4d125ff92a7e,b5e2e326-3768-445e-adef-ec7ecefc28a5,pt,senior,80,synthetic,,,,Resumo Profissional com 6 anos de experiência em produto. Foco em entrega de valor. Engenheiro Sênior. Experiência Profissional • Desenvolveu e manteve sistemas críticos; coordenou equipe de 12 pessoa...
ca076ee0-6b41-4fc1-9b29-44521f0b53ab,e96f4ad1-0e5e-46d4-a163-35cba5b9fd10,pt,junior,80,synthetic,,,,Resumo Profissional com 1 anos de experiência em design. Foco em qualidade. Desenvolvedor Júnior. Experiência Profissional • Desenvolveu e manteve sistemas críticos; coordenou equipe de 10 pessoas. • ...
36dad5e3-d353-4689-a17d-e8c5e3b2fbde,b559c568-3a33-470c-8d14-431d302975b5,pt,junior,80,synthetic,,,,Resumo Profissional com 2 anos de experiência em produto. Foco em qualidade. Desenvolvedor Júnior. Experiência Profissional • Desenvolveu e manteve sistemas críticos; coordenou equipe de 13 pessoas. •...
638b41f9-26ba-4fb2-bbac-bd3f7f773424,c6280435-c149-45c7-9b29-dec3b9e103c2,pt,senior,80,synthetic,,,,Resumo Profissional com 15 anos de experiência em ciência de dados. Foco em liderança técnica. Engenheiro Sênior. Experiência Profissional • Desenvolveu e manteve sistemas críticos; coordenou equipe d...
005d4975-5be2-414b-847f-7858b7ee2a13,74851800-fcb0-4345-ba9b-2f5893a91de9,pt,senior,80,synthetic,,,,Resumo Profissional com 14 anos de experiência em produto. Foco em qualidade. Engenheiro Sênior. Experiência Profissional • Desenvolveu e manteve sistemas críticos; coordenou equipe de 4 pessoas. • Li...
d142abf1-98c4-4610-bbf3-faf85c1030a1,497c19af-9ca0-484b-a941-67435041198e,pt,mid,80,synthetic,,,,Resumo Profissional com 4 anos de experiência em produto. Foco em entrega de valor. Analista Pleno. Experiência Profissional • Desenvolveu e manteve sistemas críticos; coordenou equipe de 10 pessoas. ...
394be4b7-8836-45b5-a40a-d5b994e006d6,56b95670-b388-49bb-8e8b-457110ebe7d5,pt,mid,80,synthetic,,,,Resumo Profissional com 5 anos de experiência em engenharia. Foco em qualidade. Analista Pleno. Experiência Profissional • Desenvolveu e manteve sistemas críticos; coordenou equipe de 10 pessoas. • Li...
35eb9638-abb2-43cd-b1f4-030cbd74187d,5ff4739c-525e-45e4-b262-fa2fecf01927,pt,mid,80,synthetic,,,,Resumo Profissional com 6 anos de experiência em design. Foco em entrega de valor. Analista Pleno. Experiência Profissional • Desenvolveu e manteve sistemas críticos; coordenou equipe de 15 pessoas. •...
572fc701-15a2-47d8-82b1-7eee1b620656,f2791227-f90a-40b6-9bef-0a40c945f91f,pt,junior,80,synthetic,,,,Resumo Profissional com 1 anos de experiência em engenharia. Foco em qualidade. Desenvolvedor Júnior. Experiência Profissional • Desenvolveu e manteve sistemas críticos; coordenou equipe de 8 pessoas....
140e5a92-11d3-49f4-bc00-e12904a35a84,b6523c79-1cf2-4872-a9c2-54b1d5c64b23,pt,junior,80,synthetic,,,,Resumo Profissional com 1 anos de experiência em design. Foco em liderança técnica. Desenvolvedor Júnior. Experiência Profissional • Desenvolveu e manteve sistemas críticos; coordenou equipe de 15 pes...
124439c1-34bb-4845-b399-3479ec03c585,ba310128-91ee-4ec0-9cda-c4da2247fcd6,pt,intern,80,synthetic,,,,Resumo Profissional com 0 anos de experiência em engenharia. Foco em liderança técnica. Estagiário. Experiência Profissional • Desenvolveu e manteve sistemas críticos; coordenou equipe de 5 pessoas. •...
24719650-db46-499f-aaa4-14ebbac201ae,c55b53be-fe40-4700-8afa-5b8d5ebd3ddd,pt,junior,80,synthetic,,,,Resumo Profissional com 2 anos de experiência em desenvolvimento de software. Foco em entrega de valor. Desenvolvedor Júnior. Experiência Profissional • Desenvolveu e manteve sistemas críticos; coorde...
d1ea4eeb-19b3-4b9c-a47a-6779f61baeb0,e8e45462-2e18-4e9e-9bd6-b420f5aa750d,pt,mid,80,synthetic,,,,Resumo Profissional com 4 anos de experiência em desenvolvimento de software. Foco em liderança técnica. Analista Pleno. Experiência Profissional • Desenvolveu e manteve sistemas críticos; coordenou e...
21afd23f-f60b-4945-87e7-7a4b96ee1ac6,4bf679de-32c3-454e-bca7-be2a9b05a0d1,pt,mid,80,synthetic,,,,Resumo Profissional com 6 anos de experiência em design. Foco em qualidade. Analista Pleno. Experiência Profissional • Desenvolveu e manteve sistemas críticos; coordenou equipe de 8 pessoas. • Liderou...
02c0f301-25a6-415b-9ffa-82063ac22f99,9876d37b-ed51-422f-8e84-c703a83302e4,pt,intern,80,synthetic,,,,Resumo Profissional com 0 anos de experiência em produto. Foco em qualidade. Estagiário. Experiência Profissional • Desenvolveu e manteve sistemas críticos; coordenou equipe de 4 pessoas. • Liderou pr...
e1b01c02-b75c-455a-aadd-6629c5083783,b0cf7c1f-37d4-42de-bcde-9c117842b5f7,pt,junior,80,synthetic,,,,Resumo Profissional com 2 anos de experiência em ciência de dados. Foco em liderança técnica. Desenvolvedor Júnior. Experiência Profissional • Desenvolveu e manteve sistemas críticos; coordenou equipe...
b53f9072-a068-42b3-82c2-ab928656cca1,a0700d82-b118-4c49-8a09-57fb230b07c2,pt,intern,80,synthetic,,,,Resumo Profissional com 1 anos de experiência em engenharia. Foco em liderança técnica. Estagiário. Experiência Profissional • Desenvolveu e manteve sistemas críticos; coordenou equipe de 7 pessoas. •...
77416655-d575-46bb-b3a0-df5323a38f4b,3d6dab1d-a949-4b06-8579-2102f3fec0f7,pt,intern,80,synthetic,,,,Resumo Profissional com 1 anos de experiência em ciência de dados. Foco em qualidade. Estagiário. Experiência Profissional • Desenvolveu e manteve sistemas críticos; coordenou equipe de 7 pessoas. • L...
16ac45f4-4c38-453f-8841-4594fbc9c784,63bd0036-3cd7-46d2-9089-e5fd62444b35,pt,mid,80,synthetic,,,,Resumo Profissional com 3 anos de experiência em produto. Foco em liderança técnica. Analista Pleno. Experiência Profissional • Desenvolveu e manteve sistemas críticos; coordenou equipe de 5 pessoas. ...
07d943f3-3144-43c2-88d2-63ef970a60a4,8399e45c-c629-42f6-bd34-c8fe668c2460,pt,junior,80,synthetic,,,,Resumo Profissional com 3 anos de experiência em design. Foco em liderança técnica. Desenvolvedor Júnior. Experiência Profissional • Desenvolveu e manteve sistemas críticos; coordenou equipe de 10 pes...
92716f3a-be36-4087-a253-f41238349c36,1f5f66ca-f1f0-4a17-a635-cbe4cb17872d,pt,junior,80,synthetic,,,,Resumo Profissional com 2 anos de experiência em engenharia. Foco em qualidade. Desenvolvedor Júnior. Experiência Profissional • Desenvolveu e manteve sistemas críticos; coordenou equipe de 8 pessoas....
d9103b4c-1232-400f-ac4d-5a0490d713d2,724103db-6339-4a59-90d2-351108857450,pt,junior,80,synthetic,,,,Resumo Profissional com 1 anos de experiência em produto. Foco em entrega de valor. Desenvolvedor Júnior. Experiência Profissional • Desenvolveu e manteve sistemas críticos; coordenou equipe de 13 pes...
8623145a-8049-450c-ba5a-d5c362a0fd50,96709b02-d34f-4112-a750-e1d5a762ee76,pt,mid,80,synthetic,,,,Resumo Profissional com 4 anos de experiência em produto. Foco em entrega de valor. Analista Pleno. Experiência Profissional • Desenvolveu e manteve sistemas críticos; coordenou equipe de 12 pessoas. ...
9c083161-ec03-43dc-bcdd-92789f074df4,7d35d4c0-d357-4934-acde-2bc3eb656efc,pt,mid,80,synthetic,,,,Resumo Profissional com 4 anos de experiência em engenharia. Foco em entrega de valor. Analista Pleno. Experiência Profissional • Desenvolveu e manteve sistemas críticos; coordenou equipe de 6 pessoas...
b0a8b170-e02d-46f4-861c-c6e557243869,dc95329a-b557-4dcc-a852-4f20ff82479d,pt,intern,80,synthetic,,,,Resumo Profissional com 1 anos de experiência em desenvolvimento de software. Foco em qualidade. Estagiário. Experiência Profissional • Desenvolveu e manteve sistemas críticos; coordenou equipe de 14 ...
0f0d47f5-507c-40d7-b164-67577f13c8d5,26998b76-9945-4812-8e56-70fdf9592dc0,pt,intern,80,synthetic,,,,Resumo Profissional com 1 anos de experiência em engenharia. Foco em entrega de valor. Estagiário. Experiência Profissional • Desenvolveu e manteve sistemas críticos; coordenou equipe de 10 pessoas. •...
a225ca05-7b04-4699-ba98-a2a2a317bafc,2edb5bd9-0d4f-4f38-b953-ab72b36b56e3,pt,intern,80,synthetic,,,,Resumo Profissional com 0 anos de experiência em engenharia. Foco em qualidade. Estagiário. Experiência Profissional • Desenvolveu e manteve sistemas críticos; coordenou equipe de 4 pessoas. • Liderou...
373c4743-8f21-4e9a-9016-3bf6ff8d6958,0b398bee-6a72-4314-b405-417b6ddd727e,pt,senior,80,synthetic,,,,Resumo Profissional com 13 anos de experiência em desenvolvimento de software. Foco em liderança técnica. Engenheiro Sênior. Experiência Profissional • Desenvolveu e manteve sistemas críticos; coorden...
df0066f0-8cdd-428e-b498-ec1c2f6c50f0,492afe68-743a-4e9a-9a7c-73d3e072f0ca,pt,senior,80,synthetic,,,,Resumo Profissional com 15 anos de experiência em engenharia. Foco em entrega de valor. Engenheiro Sênior. Experiência Profissional • Desenvolveu e manteve sistemas críticos; coordenou equipe de 3 pes...
530f5921-bdbe-407e-98c0-76ae5de7471c,8a3ebbfb-4e39-4b3f-9265-bc6bf9b7d349,pt,intern,80,synthetic,,,,Resumo Profissional com 0 anos de experiência em produto. Foco em entrega de valor. Estagiário. Experiência Profissional • Desenvolveu e manteve sistemas críticos; coordenou equipe de 15 pessoas. • Li...
6d38a4cf-9ecb-4a99-b08f-646e699e7663,27f24580-fff3-40de-8270-3b06d1988393,pt,intern,80,synthetic,,,,Resumo Profissional com 0 anos de experiência em ciência de dados. Foco em liderança técnica. Estagiário. Experiência Profissional • Desenvolveu e manteve sistemas críticos; coordenou equipe de 15 pes...
d002170f-daa0-479b-b60b-a2dd36707fc5,2210a973-605b-4ed7-8162-dc79ea69af5c,pt,mid,80,synthetic,,,,Resumo Profissional com 4 anos de experiência em design. Foco em liderança técnica. Analista Pleno. Experiência Profissional • Desenvolveu e manteve sistemas críticos; coordenou equipe de 12 pessoas. ...
d1f1c692-994c-48ce-8778-9d8d92c8c0cb,9bd01dd4-3781-4fd0-ad0b-7bc29a5a010e,pt,senior,80,synthetic,,,,Resumo Profissional com 6 anos de experiência em engenharia. Foco em qualidade. Engenheiro Sênior. Experiência Profissional • Desenvolveu e manteve sistemas críticos; coordenou equipe de 6 pessoas. • ...
d7fe5eda-8854-4db1-8f67-6d0fe3d28814,6428add6-73f6-4cba-8bca-b56cf31fac3a,pt,junior,80,synthetic,,,,Resumo Profissional com 3 anos de experiência em engenharia. Foco em qualidade. Desenvolvedor Júnior. Experiência Profissional • Desenvolveu e manteve sistemas críticos; coordenou equipe de 5 pessoas....
bc56dccf-623a-4fb5-98d9-daae1d6cdc62,73807de5-dd3b-4aa3-b8b4-c49293b88208,pt,senior,80,synthetic,,,,Resumo Profissional com 9 anos de experiência em design. Foco em qualidade. Engenheiro Sênior. Experiência Profissional • Desenvolveu e manteve sistemas críticos; coordenou equipe de 3 pessoas. • Lide...
f4b91a6b-7d1b-498f-adfc-4efc2505990e,12873c4d-df46-4b5f-85a0-c3061a53da51,pt,senior,80,synthetic,,,,Resumo Profissional com 11 anos de experiência em engenharia. Foco em qualidade. Engenheiro Sênior. Experiência Profissional • Desenvolveu e manteve sistemas críticos; coordenou equipe de 6 pessoas. •...
378e0fe8-246e-4a58-8c5a-af75b47e7b73,c6b8e6db-28d6-4799-84c1-fef8ca1ddf84,pt,intern,80,synthetic,,,,Resumo Profissional com 1 anos de experiência em design. Foco em liderança técnica. Estagiário. Experiência Profissional • Desenvolveu e manteve sistemas críticos; coordenou equipe de 5 pessoas. • Lid...
05e84701-72f6-4659-bd2a-35a412fa2491,8a591821-bae2-43ae-bdc1-c95dbfbb5d45,pt,senior,80,synthetic,,,,Resumo Profissional com 6 anos de experiência em engenharia. Foco em entrega de valor. Engenheiro Sênior. Experiência Profissional • Desenvolveu e manteve sistemas críticos; coordenou equipe de 7 pess...
5a8a42e9-b856-4124-888c-54f28518fa0c,b3d4d7ad-78a9-4315-ad8c-f16ad35c39e9,pt,senior,80,synthetic,,,,Resumo Profissional com 14 anos de experiência em design. Foco em entrega de valor. Engenheiro Sênior. Experiência Profissional • Desenvolveu e manteve sistemas críticos; coordenou equipe de 9 pessoas...
e0417fcd-fc92-47c1-84b2-75836bf6b3d8,c6a367f6-da49-4079-b6c1-a034e48010ce,pt,intern,80,synthetic,,,,Resumo Profissional com 1 anos de experiência em desenvolvimento de software. Foco em qualidade. Estagiário. Experiência Profissional • Desenvolveu e manteve sistemas críticos; coordenou equipe de 3 p...
170a8080-c69e-448a-bdc6-1e023119cf68,ca63e280-d916-4d0b-86c6-cb13c445d925,pt,mid,80,synthetic,,,,Resumo Profissional com 5 anos de experiência em desenvolvimento de software. Foco em qualidade. Analista Pleno. Experiência Profissional • Desenvolveu e manteve sistemas críticos; coordenou equipe de...
a07fbdac-b208-4a0e-b06a-27d58373687b,7768e185-da7e-4c41-9adb-eb7976f7e4b1,pt,junior,80,synthetic,,,,Resumo Profissional com 2 anos de experiência em produto. Foco em entrega de valor. Desenvolvedor Júnior. Experiência Profissional • Desenvolveu e manteve sistemas críticos; coordenou equipe de 3 pess...
eced0b8e-0ff4-4fa4-bc3f-e88f301c2d5f,3e390208-ec28-4469-8136-37a89b9bb288,pt,mid,80,synthetic,,,,Resumo Profissional com 6 anos de experiência em produto. Foco em entrega de valor. Analista Pleno. Experiência Profissional • Desenvolveu e manteve sistemas críticos; coordenou equipe de 10 pessoas. ...
9c48c433-97c8-4922-958e-7adb593aaa12,8dc7612d-4f37-4062-8889-bedf1c6731f2,pt,junior,80,synthetic,,,,Resumo Profissional com 1 anos de experiência em ciência de dados. Foco em qualidade. Desenvolvedor Júnior. Experiência Profissional • Desenvolveu e manteve sistemas críticos; coordenou equipe de 8 pe...
7070e20f-40cb-4b35-95ef-c00ac768e738,6276312b-f42f-494d-8e4d-a72df990745f,pt,intern,80,synthetic,,,,Resumo Profissional com 1 anos de experiência em ciência de dados. Foco em entrega de valor. Estagiário. Experiência Profissional • Desenvolveu e manteve sistemas críticos; coordenou equipe de 8 pesso...
7a2562d0-88e9-4381-a2df-95048b4a7d0f,1be9d965-685d-426e-9a19-48ee99e7fd11,pt,mid,80,synthetic,,,,Resumo Profissional com 3 anos de experiência em engenharia. Foco em entrega de valor. Analista Pleno. Experiência Profissional • Desenvolveu e manteve sistemas críticos; coordenou equipe de 14 pessoa...
2900fee1-d5b5-43dd-bdf5-94fa16f21b84,d0f7b02c-62b4-4af6-9a0b-4f26143886a5,pt,mid,80,synthetic,,,,Resumo Profissional com 4 anos de experiência em ciência de dados. Foco em entrega de valor. Analista Pleno. Experiência Profissional • Desenvolveu e manteve sistemas críticos; coordenou equipe de 10 ...
3cbc1198-c32e-44a3-ba7d-8b7dfa21c5f6,d92652b1-f7ad-48c3-9138-0fe59ab9757b,pt,senior,80,synthetic,,,,Resumo Profissional com 6 anos de experiência em design. Foco em entrega de valor. Engenheiro Sênior. Experiência Profissional • Desenvolveu e manteve sistemas críticos; coordenou equipe de 11 pessoas...
fdfa666c-aa72-42c3-81d7-a8b42c96711e,c05b8280-b5ce-49e6-acd8-db38a3a80f71,pt,intern,80,synthetic,,,,Resumo Profissional com 1 anos de experiência em design. Foco em liderança técnica. Estagiário. Experiência Profissional • Desenvolveu e manteve sistemas críticos; coordenou equipe de 6 pessoas. • Lid...
f6604424-910f-49b3-bdab-792821cb73ae,f7615d32-dcb5-4898-b128-86a5737b60fb,pt,mid,80,synthetic,,,,Resumo Profissional com 6 anos de experiência em desenvolvimento de software. Foco em qualidade. Analista Pleno. Experiência Profissional • Desenvolveu e manteve sistemas críticos; coordenou equipe de...
ef7a3ac6-a3e1-4fcb-8874-acdf2314583c,54e8c6ea-f370-4c41-869f-724f164069bd,pt,junior,80,synthetic,,,,Resumo Profissional com 1 anos de experiência em produto. Foco em liderança técnica. Desenvolvedor Júnior. Experiência Profissional • Desenvolveu e manteve sistemas críticos; coordenou equipe de 7 pes...
b41dc5ed-6833-4792-9eb7-203efeca2dd1,8b0d633b-b438-4735-b627-f5f3c5e87489,pt,senior,80,synthetic,,,,Resumo Profissional com 8 anos de experiência em desenvolvimento de software. Foco em entrega de valor. Engenheiro Sênior. Experiência Profissional • Desenvolveu e manteve sistemas críticos; coordenou...
a376cc77-f2c7-439a-9df6-0f0eb3c02501,cb246247-fc3f-4f2f-b299-273af47a1c25,pt,junior,80,synthetic,,,,Resumo Profissional com 1 anos de experiência em produto. Foco em liderança técnica. Desenvolvedor Júnior. Experiência Profissional • Desenvolveu e manteve sistemas críticos; coordenou equipe de 9 pes...
eedff3a6-8d9c-4a68-9c0e-4fb40ba31058,803eb40e-56fd-45a0-8abe-c625d41dcb32,pt,mid,80,synthetic,,,,Resumo Profissional com 6 anos de experiência em engenharia. Foco em entrega de valor. Analista Pleno. Experiência Profissional • Desenvolveu e manteve sistemas críticos; coordenou equipe de 3 pessoas...
5bbd2dca-b2e2-40ed-8f63-9d41a908dee9,ce4d086d-e650-4cc3-877c-4027e4ccfe08,pt,junior,80,synthetic,,,,Resumo Profissional com 2 anos de experiência em desenvolvimento de software. Foco em liderança técnica. Desenvolvedor Júnior. Experiência Profissional • Desenvolveu e manteve sistemas críticos; coord...
403d32ed-b5d9-4e3b-9660-01f6a1dd7c94,81f220cd-315b-46da-be45-5477753d2134,pt,intern,80,synthetic,,,,Resumo Profissional com 1 anos de experiência em ciência de dados. Foco em qualidade. Estagiário. Experiência Profissional • Desenvolveu e manteve sistemas críticos; coordenou equipe de 11 pessoas. • ...
7d133795-8573-46ef-aec2-66b76e668d3a,743ebb7b-aa3f-4795-b820-970ea2f3423c,pt,junior,80,synthetic,,,,Resumo Profissional com 2 anos de experiência em desenvolvimento de software. Foco em liderança técnica. Desenvolvedor Júnior. Experiência Profissional • Desenvolveu e manteve sistemas críticos; coord...
b4c7edef-0521-4630-ad6d-e108c82c5bf7,5a39969f-f5c2-48f8-9e88-5afd179ef007,pt,mid,80,synthetic,,,,Resumo Profissional com 5 anos de experiência em desenvolvimento de software. Foco em qualidade. Analista Pleno. Experiência Profissional • Desenvolveu e manteve sistemas críticos; coordenou equipe de...
095108a1-dfe6-40d4-937b-c480c1088708,84be6345-a8f0-48a0-a7be-88473f618509,pt,junior,80,synthetic,,,,Resumo Profissional com 3 anos de experiência em produto. Foco em liderança técnica. Desenvolvedor Júnior. Experiência Profissional • Desenvolveu e manteve sistemas críticos; coordenou equipe de 9 pes...
88c50d39-4105-42c3-bdd5-102123e9abe8,f5473340-6b08-4561-98c6-947d003d660b,pt,mid,80,synthetic,,,,Resumo Profissional com 6 anos de experiência em design. Foco em qualidade. Analista Pleno. Experiência Profissional • Desenvolveu e manteve sistemas críticos; coordenou equipe de 7 pessoas. • Liderou...
fb2f9778-1585-47a0-9252-75121bd4ab2d,6610dc02-2aa1-4acc-bfb9-66717e319f32,pt,mid,80,synthetic,,,,Resumo Profissional com 5 anos de experiência em design. Foco em liderança técnica. Analista Pleno. Experiência Profissional • Desenvolveu e manteve sistemas críticos; coordenou equipe de 12 pessoas. ...
cc2107f3-5567-403f-ae99-1150dc48b971,ff6500de-8723-4699-9d18-c83c8316cdb6,pt,intern,80,synthetic,,,,Resumo Profissional com 1 anos de experiência em design. Foco em liderança técnica. Estagiário. Experiência Profissional • Desenvolveu e manteve sistemas críticos; coordenou equipe de 10 pessoas. • Li...
b52ed517-79d2-4564-99c9-195a6973f09b,cfeb1847-21be-40a8-934a-f259b7511e7b,pt,senior,80,synthetic,,,,Resumo Profissional com 8 anos de experiência em engenharia. Foco em entrega de valor. Engenheiro Sênior. Experiência Profissional • Desenvolveu e manteve sistemas críticos; coordenou equipe de 9 pess...
ced8cc42-b1d9-4c79-a692-8874821b70e4,b16a89b2-e8c9-41f4-bc6b-b1094238e1b0,pt,intern,80,synthetic,,,,Resumo Profissional com 0 anos de experiência em ciência de dados. Foco em qualidade. Estagiário. Experiência Profissional • Desenvolveu e manteve sistemas críticos; coordenou equipe de 15 pessoas. • ...
9c49cd39-0198-4e12-99b9-8120ea17b48b,d91ac417-f7c8-415e-97af-1d782f9af351,pt,senior,80,synthetic,,,,Resumo Profissional com 10 anos de experiência em design. Foco em entrega de valor. Engenheiro Sênior. Experiência Profissional • Desenvolveu e manteve sistemas críticos; coordenou equipe de 8 pessoas...
3b4d5cbc-28d5-4537-910a-054c854eed46,655d7f68-0909-426f-9a16-b3922c493248,pt,mid,80,synthetic,,,,Resumo Profissional com 5 anos de experiência em engenharia. Foco em liderança técnica. Analista Pleno. Experiência Profissional • Desenvolveu e manteve sistemas críticos; coordenou equipe de 11 pesso...
a365b8a6-d87b-4f21-9368-c96299cda1b9,4d552ded-42e0-4a9c-94cb-63c04b147582,pt,senior,80,synthetic,,,,Resumo Profissional com 12 anos de experiência em produto. Foco em qualidade. Engenheiro Sênior. Experiência Profissional • Desenvolveu e manteve sistemas críticos; coordenou equipe de 3 pessoas. • Li...
a1eb096a-fa9d-416f-8ced-5b34781ec0a8,10bdf300-4970-44a8-bb26-6d4c6616b09f,pt,junior,80,synthetic,,,,Resumo Profissional com 2 anos de experiência em engenharia. Foco em liderança técnica. Desenvolvedor Júnior. Experiência Profissional • Desenvolveu e manteve sistemas críticos; coordenou equipe de 4 ...
42c2834e-a094-45a5-91aa-626179191c01,72e3a132-d7b0-4d0f-a2fd-ccb27a1d1c55,pt,senior,80,synthetic,,,,Resumo Profissional com 11 anos de experiência em produto. Foco em liderança técnica. Engenheiro Sênior. Experiência Profissional • Desenvolveu e manteve sistemas críticos; coordenou equipe de 10 pess...
7e8f6f79-70c1-4a09-9175-2d0c7c6ef59b,4d629c94-be80-4224-af68-0491c0e69183,pt,intern,80,synthetic,,,,Resumo Profissional com 0 anos de experiência em design. Foco em entrega de valor. Estagiário. Experiência Profissional • Desenvolveu e manteve sistemas críticos; coordenou equipe de 10 pessoas. • Lid...
256ca8df-94e8-4946-b037-17af003bb2a4,386756cb-83cc-402f-8c39-d19682f92900,pt,senior,80,synthetic,,,,Resumo Profissional com 13 anos de experiência em design. Foco em entrega de valor. Engenheiro Sênior. Experiência Profissional • Desenvolveu e manteve sistemas críticos; coordenou equipe de 11 pessoa...
a0b59481-ae63-4035-a7ce-8739fd88cd36,9cab0914-d2d8-4f41-b339-d1dadb40c2e3,pt,mid,80,synthetic,,,,Resumo Profissional com 5 anos de experiência em engenharia. Foco em liderança técnica. Analista Pleno. Experiência Profissional • Desenvolveu e manteve sistemas críticos; coordenou equipe de 11 pesso...
75bbdc43-4dc2-454b-80a5-4adb5b602e0a,093f49dc-4f85-459f-8e66-ffd3e743cbcb,pt,senior,80,synthetic,,,,Resumo Profissional com 6 anos de experiência em desenvolvimento de software. Foco em entrega de valor. Engenheiro Sênior. Experiência Profissional • Desenvolveu e manteve sistemas críticos; coordenou...
c7b52234-5b0b-4280-b558-a2ec8eb86779,bf8f5387-5588-4560-82ad-513dae1f51d6,pt,mid,80,synthetic,,,,Resumo Profissional com 5 anos de experiência em ciência de dados. Foco em qualidade. Analista Pleno. Experiência Profissional • Desenvolveu e manteve sistemas críticos; coordenou equipe de 5 pessoas....
8ae6ecfe-95f3-4bbf-b3d8-bc8cae03272b,a9529f3e-30af-457b-9def-4b71d796fa0c,pt,junior,80,synthetic,,,,Resumo Profissional com 1 anos de experiência em engenharia. Foco em qualidade. Desenvolvedor Júnior. Experiência Profissional • Desenvolveu e manteve sistemas críticos; coordenou equipe de 12 pessoas...
589ad12f-ebc8-4247-ab1b-054e4efa6282,fb95780f-ad83-4e10-9a8a-92cf8ca55b14,pt,senior,80,synthetic,,,,Resumo Profissional com 6 anos de experiência em desenvolvimento de software. Foco em liderança técnica. Engenheiro Sênior. Experiência Profissional • Desenvolveu e manteve sistemas críticos; coordeno...
566d58cf-4bee-41b5-8e3a-997ad8d5e43c,89fda878-39d5-489f-b527-4af4859dc3b3,pt,mid,80,synthetic,,,,Resumo Profissional com 5 anos de experiência em engenharia. Foco em qualidade. Analista Pleno. Experiência Profissional • Desenvolveu e manteve sistemas críticos; coordenou equipe de 11 pessoas. • Li...
423c2ba2-99f3-44de-b10d-2908d80d9c19,6bf69e6d-8c5a-4a7a-a4a2-e4c77958d5b8,pt,intern,80,synthetic,,,,Resumo Profissional com 0 anos de experiência em ciência de dados. Foco em liderança técnica. Estagiário. Experiência Profissional • Desenvolveu e manteve sistemas críticos; coordenou equipe de 13 pes...
80babe6b-072b-4917-be27-5a46ff7c8d8b,7865a9b2-c841-4c70-9f17-8e893ae56f55,pt,intern,80,synthetic,,,,Resumo Profissional com 0 anos de experiência em ciência de dados. Foco em liderança técnica. Estagiário. Experiência Profissional • Desenvolveu e manteve sistemas críticos; coordenou equipe de 5 pess...
c6d3edee-5fb9-4d99-a882-cde2cfbc01b4,495d8802-ab6b-4799-935d-4883df9d41c0,pt,senior,80,synthetic,,,,Resumo Profissional com 14 anos de experiência em produto. Foco em liderança técnica. Engenheiro Sênior. Experiência Profissional • Desenvolveu e manteve sistemas críticos; coordenou equipe de 12 pess...
94ef1ab6-3172-4739-8e31-93a6c9f0626b,4828ad0d-7e4b-48a1-81c0-19c5c913107b,pt,mid,80,synthetic,,,,Resumo Profissional com 5 anos de experiência em desenvolvimento de software. Foco em liderança técnica. Analista Pleno. Experiência Profissional • Desenvolveu e manteve sistemas críticos; coordenou e...
d3244941-455e-45c0-8bf9-a870f29170ed,81291b7f-90b3-4900-a955-6e73f89d5ebc,pt,intern,80,synthetic,,,,Resumo Profissional com 0 anos de experiência em engenharia. Foco em liderança técnica. Estagiário. Experiência Profissional • Desenvolveu e manteve sistemas críticos; coordenou equipe de 10 pessoas. ...
b1b6540d-5fee-48aa-a2ba-73fd5065febb,c3aab00a-8ec7-4d2f-9bf8-7d7722fea145,pt,intern,80,synthetic,,,,Resumo Profissional com 0 anos de experiência em ciência de dados. Foco em liderança técnica. Estagiário. Experiência Profissional • Desenvolveu e manteve sistemas críticos; coordenou equipe de 7 pess...
899bfb64-482d-49ec-a6e0-00dc8cecec2c,ad4b260a-488c-47fd-bb85-84c0084034e2,pt,mid,80,synthetic,,,,Resumo Profissional com 5 anos de experiência em desenvolvimento de software. Foco em liderança técnica. Analista Pleno. Experiência Profissional • Desenvolveu e manteve sistemas críticos; coordenou e...
0ee9bca0-bb96-423e-9414-21b0c333fd19,93212d45-4186-45fe-b44a-5ff93adb6c18,pt,senior,80,synthetic,,,,Resumo Profissional com 7 anos de experiência em desenvolvimento de software. Foco em qualidade. Engenheiro Sênior. Experiência Profissional • Desenvolveu e manteve sistemas críticos; coordenou equipe...
